4.4.2019 11:22,rainbow,https://en.wikipedia.org/wiki/Legend_of_the_Rainbow_Warriors
4.4.2019 15:46,face,https://en.wikipedia.org/wiki/Skull-Face
5.4.2019 23:34,cat,https://en.wikipedia.org/wiki/Cool_Cat
6.4.2019 08:10,Information seeking behaviour,https://en.wikipedia.org/wiki/Click_path
6.4.2019 08:15,Information seeking behaviour,https://en.wikipedia.org/wiki/Web_search_engine
6.4.2019 08:16,Information,https://en.wikipedia.org/wiki/Complete_information
8.4.2019 07:43,rainbow,https://en.wikipedia.org/wiki/Down_to_Earth_(Rainbow_album)
8.4.2019 08:07,rainbow,https://en.wikipedia.org/wiki/Rainbow_Cheetah
8.4.2019 08:08,Ethiopia ,https://en.wikipedia.org/wiki/Vice_President_of_Ethiopia
8.4.2019 09:10,Day,https://en.wikipedia.org/wiki/Waitangi_Day
8.4.2019 09:13,Management,https://en.wikipedia.org/wiki/Scope_(project_management)
8.4.2019 11:02,legal,https://en.wikipedia.org/wiki/Legal_process
9.4.2019 14:59,World war II,https://en.wikipedia.org/wiki/Museum_of_the_Second_World_War
9.4.2019 14:59,World war II,https://en.wikipedia.org/wiki/Museum_of_the_Second_World_War
9.4.2019 15:00,world war,https://en.wikipedia.org/wiki/List_of_Japanese_Navy_ships_and_war_vessels_in_World_War_II
9.4.2019 15:00,world war ,https://en.wikipedia.org/wiki/Military_history_of_the_United_Kingdom_during_World_War_II
9.4.2019 15:00,world war ,https://en.wikipedia.org/wiki/World_war
9.4.2019 15:01,world war ,https://en.wikipedia.org/wiki/World_war
9.4.2019 15:01,world war,https://en.wikipedia.org/wiki/World_war
9.4.2019 15:01,world war II,https://en.wikipedia.org/wiki/World_War_II
9.4.2019 14:19,rainbow,https://en.wikipedia.org/wiki/Dame/Crazy_Rainbow
9.4.2019 15:19,machine,https://en.wikipedia.org/wiki/Political_machine
9.4.2019 15:19,match ,https://en.wikipedia.org/wiki/Testimonial_match
9.4.2019 14:19,pessoa,https://en.wikipedia.org/wiki/Bar_Rescue_(season_4)
9.4.2019 14:20,fernando pessoa,https://en.wikipedia.org/wiki/The_Metamorphosis
9.4.2019 16:52,rainbow,https://en.wikipedia.org/wiki/Rainbow_Raider
9.4.2019 16:52,silver surfer,https://en.wikipedia.org/wiki/Silver_Surfer
9.4.2019 16:53,rainbow raider,https://en.wikipedia.org/wiki/Rainbow_Raider
9.4.2019 17:49,rainbow,https://en.wikipedia.org/wiki/Rainbow_smelt
9.4.2019 22:39,low,https://en.wikipedia.org/wiki/Low-dropout_regulator
9.4.2019 22:39,low,https://en.wikipedia.org/wiki/Low
9.4.2019 22:39,laugh,https://en.wikipedia.org/wiki/Laughter
9.4.2019 22:39,laugh,https://en.wikipedia.org/wiki/Nick_Kroll
9.4.2019 22:39,laugh,https://en.wikipedia.org/wiki/Satire
9.4.2019 18:08,summit,https://en.wikipedia.org/wiki/6th_BRICS_summit
9.4.2019 18:08,folly,https://en.wikipedia.org/wiki/Longwood_(Natchez,_Mississippi)
9.4.2019 23:33,laugh,https://en.wikipedia.org/wiki/Laugh_and_Get_Rich
9.4.2019 23:33,laugh,https://en.wikipedia.org/wiki/Laughter
9.4.2019 23:33,laugh,https://en.wikipedia.org/wiki/Alma_Cogan
9.4.2019 23:33,laugh,https://en.wikipedia.org/wiki/Alma_Cogan
9.4.2019 23:33,laugh,https://en.wikipedia.org/wiki/Suniel_Shetty_filmography
10.4.2019 13:43,rainbow,https://en.wikipedia.org/wiki/Over_the_Rainbow_(band)
11.4.2019 10:00,france,https://en.wikipedia.org/wiki/Mary,_Queen_of_Scots
11.4.2019 10:23,strawberry,https://en.wikipedia.org/wiki/List_of_strawberry_dishes
11.4.2019 10:23,strawberry,https://en.wikipedia.org/wiki/Stamford_High_School_(Stamford,_Connecticut)
11.4.2019 10:24,strawberry,https://en.wikipedia.org/wiki/Cadbury_Roses
11.4.2019 10:24,strawberry,https://en.wikipedia.org/wiki/Strawberry_Cream_Soda_Pop_Daydream
11.4.2019 04:45,rainbow,https://en.wikipedia.org/wiki/Down_to_Earth_(Rainbow_album)
11.4.2019 10:47,rainbow,https://en.wikipedia.org/wiki/Tom_Clancy's_Rainbow_Six:_Vegas
11.4.2019 09:50,juggling,https://en.wikipedia.org/wiki/Juggling_notation
11.4.2019 09:52,diffie-Hellman,https://en.wikipedia.org/wiki/SPEKE
11.4.2019 09:53,group theory,https://en.wikipedia.org/wiki/Peter%E2%80%93Weyl_theorem
11.4.2019 09:56,group theory,https://en.wikipedia.org/wiki/Conjugation
11.4.2019 03:58,rainbow,https://en.wikipedia.org/wiki/Rainbow_Row
11.4.2019 09:59,group theory,https://en.wikipedia.org/wiki/Quaternion_group
11.4.2019 11:02,rainbow,https://en.wikipedia.org/wiki/Rainbow,_Victoria
11.4.2019 11:02,fish,https://en.wikipedia.org/wiki/Fluorescence_in_situ_hybridization
11.4.2019 11:05,rainbow,https://en.wikipedia.org/wiki/Monochrome_rainbow
11.4.2019 11:05,chocolate,https://en.wikipedia.org/wiki/LG_Chocolate_Touch_(VX8575)
11.4.2019 11:05,wine,https://en.wikipedia.org/wiki/Sweetness_of_wine
11.4.2019 11:05,lapin,https://en.wikipedia.org/wiki/Damian_Jonak
11.4.2019 10:05,rainbow,https://en.wikipedia.org/wiki/Tom_Clancy's_Rainbow_Six:_Lockdown
11.4.2019 11:05,berset,https://en.wikipedia.org/wiki/Rodolphe_Rubattel
11.4.2019 11:13,rainbow,https://en.wikipedia.org/wiki/Over_the_Rainbow_(Rainbow_album)
11.4.2019 11:15,rainbow,https://en.wikipedia.org/wiki/Rainbow,_Victoria
11.4.2019 11:15,frederic,https://en.wikipedia.org/wiki/Fr%C3%A9d%C3%A9ric_Hantz
11.4.2019 11:15,de ranter,https://en.wikipedia.org/wiki/M%C3%A1laga_Airport
11.4.2019 11:15,loud typing,https://en.wikipedia.org/wiki/Digital-to-analog_converter
11.4.2019 11:23,blade,https://en.wikipedia.org/wiki/Turbine
11.4.2019 14:59,rainbow,https://en.wikipedia.org/wiki/Rainbow_Canyon_(California)
11.4.2019 14:59,why,https://en.wikipedia.org/wiki/Why_Are_You_OK
11.4.2019 11:34,rainbow,https://en.wikipedia.org/wiki/Rainbow_coloring
11.4.2019 12:11,rainbow,https://en.wikipedia.org/wiki/Rainbow_Cheetah
11.4.2019 12:11,waldorf,https://en.wikipedia.org/wiki/Hotel
11.4.2019 12:13,ajax,https://en.wikipedia.org/wiki/Torn_(Lisa_Ajax_song)
11.4.2019 12:13,ajax amsterdam,https://en.wikipedia.org/wiki/Culture_of_South_Africa
11.4.2019 12:14,flower,https://en.wikipedia.org/wiki/Squash_blossom
11.4.2019 12:16,rainbow,https://en.wikipedia.org/wiki/Rainbow_100
11.4.2019 13:42,octogon,https://en.wikipedia.org/wiki/Cauchy%E2%80%93Schwarz_inequality
11.4.2019 13:43,octogone,https://en.wikipedia.org/wiki/%C3%89milie_Simon
11.4.2019 13:23,sunshine,https://en.wikipedia.org/wiki/Sunshine_City
11.4.2019 15:07,rainbow,https://en.wikipedia.org/wiki/Dark_Side_of_the_Rainbow
11.4.2019 15:24,rainbow,https://en.wikipedia.org/wiki/Neon_Rainbow
11.4.2019 15:24,five years,https://en.wikipedia.org/wiki/Undergraduate_education
12.4.2019 00:42,rainbow,https://en.wikipedia.org/wiki/Tom_Clancy's_Rainbow_Six:_Rogue_Spear
11.4.2019 21:04,rainbow,https://en.wikipedia.org/wiki/My_Little_Pony:_Equestria_Girls_%E2%80%93_Rainbow_Rocks
11.4.2019 21:04,nerys,https://en.wikipedia.org/wiki/The_District_Nurse
11.4.2019 21:05,kira,https://en.wikipedia.org/wiki/Death_Note:_New_Generation
11.4.2019 21:05,kira,https://en.wikipedia.org/wiki/Kira_Lynn_Harris
11.4.2019 21:05,kira,https://en.wikipedia.org/wiki/Kira_Bousloff
11.4.2019 21:05,kira nerys,https://en.wikipedia.org/wiki/Past_Prologue
11.4.2019 21:05,kira nerys,https://en.wikipedia.org/wiki/Star_Trek
11.4.2019 21:05,kira nerys,https://en.wikipedia.org/wiki/Faith_(Battlestar_Galactica)
11.4.2019 21:05,kira nerys,https://en.wikipedia.org/wiki/Heart_of_Stone_(Star_Trek:_Deep_Space_Nine)
11.4.2019 21:05,kira nerys,https://en.wikipedia.org/wiki/Heart_of_Stone_(Star_Trek:_Deep_Space_Nine)
11.4.2019 14:16,monad,https://en.wikipedia.org/wiki/Aspect-oriented_programming
11.4.2019 14:16,monad,https://en.wikipedia.org/wiki/David_Thorstad
11.4.2019 14:16,monad,https://en.wikipedia.org/wiki/Functional_reactive_programming
11.4.2019 14:18,assange,https://en.wikipedia.org/wiki/Michael_Grunwald
11.4.2019 14:20,trump,https://en.wikipedia.org/wiki/Trump_(magazine)
11.4.2019 14:20,trump,https://en.wikipedia.org/wiki/Trump_Tower_(disambiguation)
11.4.2019 14:20,trump,https://en.wikipedia.org/wiki/Veracity_of_statements_by_Donald_Trump
11.4.2019 23:10,rainbow,https://en.wikipedia.org/wiki/Rainbow_Bridge_(album)
12.4.2019 13:47,Sunshine,https://en.wikipedia.org/wiki/Chris_Evans_(actor)
12.4.2019 13:48,Tree,https://en.wikipedia.org/wiki/Tree_onion
12.4.2019 13:49,Love,https://en.wikipedia.org/wiki/It's_Love-Love-Love
12.4.2019 13:50,Cock,https://en.wikipedia.org/wiki/Cock_Up_Your_Beaver
12.4.2019 13:50,C,https://en.wikipedia.org/wiki/Mercedes-Benz_C-Class_(W205)
12.4.2019 12:01,rainbow,https://en.wikipedia.org/wiki/Over_the_Rainbow_(band)
12.4.2019 18:42,rainbow,https://en.wikipedia.org/wiki/Rainbow_City

24.4.2019 17:22,Design,https://en.wikipedia.org/wiki/Design_(disambiguation)
5.5.2019 12:30,public,https://en.wikipedia.org/wiki/Public_sector_undertakings_in_India
13.5.2019 12:50,rainbow,https://en.wikipedia.org/wiki/Rainbow_runner
13.5.2019 12:50,hpc,https://en.wikipedia.org/wiki/University_of_Illinois_at_Urbana%E2%80%93Champaign
13.5.2019 12:51,serendipitous,https://en.wikipedia.org/wiki/Barnett_Rosenberg
15.5.2019 11:19,rainbow,https://en.wikipedia.org/wiki/Legend_of_the_Rainbow_Warriors
15.5.2019 11:20,aim,https://en.wikipedia.org/wiki/ICQ
15.5.2019 11:21,engineer,https://en.wikipedia.org/wiki/Engineer_Combat_Battalion
15.5.2019 11:21,captain,https://en.wikipedia.org/wiki/Flag_captain
23.5.2019 08:53,rainbow,https://en.wikipedia.org/wiki/Rainbow_Canyon
12.6.2019 19:08,rainbow,https://en.wikipedia.org/wiki/Chris_Rainbow
12.6.2019 19:09,minnesota fats,https://en.wikipedia.org/wiki/Common_loon
17.6.2019 13:24,rainbow,https://en.wikipedia.org/wiki/Rainbow_Raider
6.7.2019 01:03,rainbow,https://en.wikipedia.org/wiki/Rainbow_City
6.7.2019 01:03,war,https://en.wikipedia.org/wiki/Lebanon_War
6.7.2019 01:03,love,https://en.wikipedia.org/wiki/Friday_I'm_in_Love
6.7.2019 01:07,to end all wars,https://en.wikipedia.org/wiki/Star_Wars_Resistance
19.9.2019 17:54,language,https://en.wikipedia.org/wiki/Arabic
19.9.2019 17:54,arabic,https://en.wikipedia.org/wiki/Pita
19.9.2019 17:54,uzbekistan,https://en.wikipedia.org/wiki/Kazakhstan
19.9.2019 17:54,kazakhstan,https://en.wikipedia.org/wiki/Kazakhstan_and_the_United_Nations
19.9.2019 17:54,water,https://en.wikipedia.org/wiki/Chinese_water_torture
19.9.2019 17:54,bread,https://en.wikipedia.org/wiki/Bread_and_Circuses_(disambiguation)
19.9.2019 17:55,orange,https://en.wikipedia.org/wiki/Ultra_Orange_&_Emmanuelle
19.9.2019 17:55,ultra,https://en.wikipedia.org/wiki/Pok%C3%A9mon_(video_game_series)
19.9.2019 17:55,hedgehog,https://en.wikipedia.org/wiki/Quincy_Jones
19.9.2019 17:55,hedgehog,https://en.wikipedia.org/wiki/Sonic_the_Hedgehog_(8-bit_video_game)
19.9.2019 17:55,hedgehog,https://en.wikipedia.org/wiki/Sonic_Unleashed
19.9.2019 17:55,hedgehog,https://en.wikipedia.org/wiki/Sega_Genesis_Mini
19.9.2019 17:55,hedgehog,https://en.wikipedia.org/wiki/Michael_Jackson
19.9.2019 17:55,hedgehog,https://en.wikipedia.org/wiki/Hydnum_repandum
19.9.2019 17:55,jackson,https://en.wikipedia.org/wiki/Kendall-Jackson
19.9.2019 17:56,santa,https://en.wikipedia.org/wiki/Santa_Fe_Trail
6.11.2019 16:44,Sicherheit,https://en.wikipedia.org/wiki/Veronique_Zanetti
26.11.2019 12:42,ecc ,https://en.wikipedia.org/wiki/SO-DIMM
20.1.2020 01:43,morera,https://en.wikipedia.org/wiki/La_mujer_de_Judas
20.1.2020 01:44,jaime rodriguez morera,https://en.wikipedia.org/wiki/List_of_Catalonian_saints
3.2.2020 12:13,rainbow,https://en.wikipedia.org/wiki/Israel_Kamakawiwo%CA%BBole
3.2.2020 12:13,shoulder,https://en.wikipedia.org/wiki/Winged_scapula
3.2.2020 12:19,hull,https://en.wikipedia.org/wiki/Stagecoach_in_Hull
3.2.2020 12:19,reinbek,https://en.wikipedia.org/wiki/Alfred_Pringsheim
3.2.2020 12:19,reinfeld,https://en.wikipedia.org/wiki/Neubukow
3.2.2020 12:19,reinbek,https://en.wikipedia.org/wiki/Linda_Zervakis
8.2.2020 15:08,deep learning,https://en.wikipedia.org/wiki/Wojciech_Zaremba
8.2.2020 15:08,interpretability,https://en.wikipedia.org/wiki/Adam_and_Eve
8.2.2020 15:08,explainable,https://en.wikipedia.org/wiki/Rev-9
25.4.2020 22:08,rainbow,https://en.wikipedia.org/wiki/Welcome_to_Rainbow
10.5.2020 22:40,decauville,https://en.wikipedia.org/wiki/SNCF_Class_Y_7400
20.5.2020 16:09,sensemaking,https://en.wikipedia.org/wiki/Kathleen_M._Sutcliffe
31.5.2020 07:50,Jew,https://en.wikipedia.org/wiki/Jew_Mountain
13.7.2020 12:57,rainbow,https://en.wikipedia.org/wiki/White_rainbow
17.7.2020 06:23,rainbow,https://en.wikipedia.org/wiki/Rainbow_S.r.l.
18.8.2020 17:01,rainbow,https://en.wikipedia.org/wiki/Rainbow_Butterfly_Unicorn_Kitty
1.10.2020 23:39,rainbow,https://en.wikipedia.org/wiki/The_Rainbow_Landscape
1.10.2020 23:40,Dan Ariely,https://en.wikipedia.org/wiki/Debiasing
14.11.2020 20:07,rainbow,https://en.wikipedia.org/wiki/Rainbow_Butterfly_Unicorn_Kitty
6.12.2020 12:15,rainbow,https://en.wikipedia.org/wiki/Rainbow_Coalition_(Fred_Hampton)
6.12.2020 12:16,ciao,https://en.wikipedia.org/wiki/Hell's_Kitchen_(American_season_16)
6.12.2020 12:21,elisabetta,https://en.wikipedia.org/wiki/Gianni_Morandi
